order_id,score
KO2610504,0.11064355
KO2610505,0.06697611
KO2610506,0.08153418
KO2610507,0.01200754
KO2610508,0.01179417
KO2610509,0.02943791
KO2610510,0.05163210
KO2610511,0.22793060
KO2610512,0.03955976
KO2610513,0.50516470
KO2610514,0.16544380
KO2610515,0.04021619
KO2610516,0.03151862
KO2610517,0.19491230
KO2610518,0.05584518
KO2610519,0.04439999
KO2610520,0.04346653
KO2610521,0.26673939
KO2610522,0.05741578
KO2610523,0.03599637
KO2610524,0.16029793
KO2610525,0.23081193
KO2610526,0.26411293
KO2610527,0.00812957
KO2610528,0.05721651
KO2610529,0.06237466
KO2610530,0.11066059
KO2610531,0.03449460
KO2610532,0.02248049
KO2610533,0.02511495
KO2610534,0.02174969
KO2610535,0.01841485
KO2610536,0.05131653
KO2610537,0.04524974
KO2610538,0.05978580
KO2610539,0.25726838
KO2610540,0.28030536
KO2610541,0.10455557
KO2610542,0.06897738
KO2610543,0.09775581
KO2610544,0.09776994
KO2610545,0.10972324
KO2610546,0.04907161
KO2610547,0.06416122
KO2610548,0.01913298
KO2610549,0.09541633
KO2610550,0.07220479
KO2610551,0.07192466
KO2610552,0.10623395
KO2610553,0.02132163
KO2610554,0.07922655
KO2610555,0.29452325
KO2610556,0.26824557
KO2610557,0.24644196
KO2610558,0.06252478
KO2610559,0.04717410
KO2610560,0.01154984
KO2610561,0.09070649
KO2610562,0.05965945
KO2610563,0.00723839
KO2610564,0.04659188
KO2610565,0.25519747
KO2610566,0.01659750
KO2610567,0.06014077
KO2610568,0.02010980
KO2610569,0.18241952
KO2610570,0.03261094
KO2610571,0.07415271
KO2610572,0.02738901
KO2610573,0.27533415
KO2610574,0.16644826
KO2610575,0.30910624
KO2610576,0.01833368
KO2610577,0.11857127
KO2610578,0.08254419
KO2610579,0.06536310
KO2610580,0.59996278
KO2610581,0.13236046
KO2610582,0.11619819
KO2610583,0.07409113
KO2610584,0.04081735
KO2610585,0.07952773
KO2610586,0.04694010
KO2610587,0.17313131
KO2610588,0.10723516
KO2610589,0.04221908
KO2610590,0.02171859
KO2610591,0.01678123
KO2610592,0.07037803
KO2610593,0.26255994
KO2610594,0.08470666
KO2610595,0.02654829
KO2610596,0.28623311
KO2610597,0.00953510
KO2610598,0.33354674
KO2610599,0.06842795
KO2610600,0.05538062
KO2610601,0.05895489
KO2610602,0.03891438
KO2610603,0.13814707
KO2610604,0.06657287
KO2610605,0.02326416
KO2610606,0.09755828
KO2610607,0.10306128
KO2610608,0.02815008
KO2610609,0.03584793
KO2610610,0.22242009
KO2610611,0.07716474
KO2610612,0.33365945
KO2610613,0.02974609
KO2610614,0.08590686
KO2610615,0.01982918
KO2610616,0.14094885
KO2610617,0.16785127
KO2610618,0.05477041
KO2610619,0.02717716
KO2610620,0.09935298
KO2610621,0.27163488
KO2610622,0.09929885
KO2610623,0.06894809
KO2610624,0.03203305
KO2610625,0.23019018
KO2610626,0.07715954
KO2610627,0.26265427
KO2610628,0.27910158
KO2610629,0.02109652
KO2610630,0.07273955
KO2610631,0.09033397
KO2610632,0.31186653
KO2610633,0.10096208
KO2610634,0.17044739
KO2610635,0.15443106
KO2610636,0.00711785
KO2610637,0.07701549
KO2610638,0.07793551
KO2610639,0.01083038
KO2610640,0.16945149
KO2610641,0.03418288
KO2610642,0.06282630
KO2610643,0.03691959
KO2610644,0.05195443
KO2610645,0.02661228
KO2610646,0.05714261
KO2610647,0.23298460
KO2610648,0.07913987
KO2610649,0.26020309
KO2610650,0.17927689
KO2610651,0.06366864
KO2610652,0.08466676
KO2610653,0.05814868
KO2610654,0.11250359
KO2610655,0.01337133
KO2610656,0.24207356
KO2610657,0.03345024
KO2610658,0.21693346
KO2610659,0.29044507
KO2610660,0.00965988
KO2610661,0.10034504
KO2610662,0.06747409
KO2610663,0.06150479
KO2610664,0.48178797
KO2610665,0.20946314
KO2610666,0.57921036
KO2610667,0.14313139
KO2610668,0.07665361
KO2610669,0.06015702
KO2610670,0.19036194
KO2610671,0.06943666
KO2610672,0.03037833
KO2610673,0.13893604
KO2610674,0.07041851
KO2610675,0.04341217
KO2610676,0.07463183
KO2610677,0.03947521
KO2610678,0.01230892
KO2610679,0.49669430
KO2610680,0.01166879
KO2610681,0.02781794
KO2610682,0.07026170
KO2610683,0.03762961
KO2610684,0.02820264
KO2610685,0.17271835
KO2610686,0.20522464
KO2610687,0.03199548
KO2610688,0.07873898
KO2610689,0.13762020
KO2610690,0.02382128
KO2610691,0.10459031
KO2610692,0.10202394
KO2610693,0.02831614
KO2610694,0.06618661
KO2610695,0.65237989
KO2610696,0.11759570
KO2610697,0.11248342
KO2610698,0.05147895
KO2610699,0.02730545
KO2610700,0.05470980
KO2610701,0.03981270
KO2610702,0.09442091
KO2610703,0.11208969
KO2610704,0.04520910
KO2610705,0.74875344
KO2610706,0.30234801
KO2610707,0.06267832
KO2610708,0.05343353
KO2610709,0.06759635
KO2610710,0.20378666
KO2610711,0.13974797
KO2610712,0.38237407
KO2610713,0.07255788
KO2610714,0.15892854
KO2610715,0.02906784
KO2610716,0.06323469
KO2610717,0.01700713
KO2610718,0.05463318
KO2610719,0.03725904
KO2610720,0.10510572
KO2610721,0.09854741
KO2610722,0.07295452
KO2610723,0.24699767
KO2610724,0.01999284
KO2610725,0.03432322
KO2610726,0.06838168
KO2610727,0.07005327
KO2610728,0.27534546
KO2610729,0.09175964
KO2610730,0.04419594
KO2610731,0.09272385
KO2610732,0.02777831
KO2610733,0.05527455
KO2610734,0.14089231
KO2610735,0.10625977
KO2610736,0.08943901
KO2610737,0.03831756
KO2610738,0.02834452
KO2610739,0.10945480
KO2610740,0.05292433
KO2610741,0.05013173
KO2610742,0.05880044
KO2610743,0.08145356
KO2610744,0.04423770
KO2610745,0.08744136
KO2610746,0.15133731
KO2610747,0.02345743
KO2610748,0.38937670
KO2610749,0.07330899
KO2610750,0.08409631
KO2610751,0.06300638
KO2610752,0.01676282
KO2610753,0.09137335
KO2610754,0.10045852
KO2610755,0.45069105
KO2610756,0.03611345
KO2610757,0.15673532
KO2610758,0.05492715
KO2610759,0.09887573
KO2610760,0.07048838
KO2610761,0.19501178
KO2610762,0.16977700
KO2610763,0.05756383
KO2610764,0.01046611
KO2610765,0.19982406
KO2610766,0.10926756
KO2610767,0.02369776
KO2610768,0.02748040
KO2610769,0.05045470
KO2610770,0.04507085
KO2610771,0.06032792
KO2610772,0.51247317
KO2610773,0.01173920
KO2610774,0.11462051
KO2610775,0.20585615
KO2610776,0.03796071
KO2610777,0.38381154
KO2610778,0.08173068
KO2610779,0.02130209
KO2610780,0.01534956
KO2610781,0.07257981
KO2610782,0.37747736
KO2610783,0.07762687
KO2610784,0.01974668
KO2610785,0.34874676
KO2610786,0.02468476
KO2610787,0.02573844
KO2610788,0.03039215
KO2610789,0.20989930
KO2610790,0.60393331
KO2610791,0.14923591
KO2610792,0.02476403
KO2610793,0.08566418
KO2610794,0.03480511
KO2610795,0.28359392
KO2610796,0.08065981
KO2610797,0.07882521
KO2610798,0.02214348
KO2610799,0.07975738
KO2610800,0.15390496
KO2610801,0.09229604
KO2610802,0.04730023
KO2610803,0.08245602
KO2610804,0.05645284
KO2610805,0.07833713
KO2610806,0.10364073
KO2610807,0.02471059
KO2610808,0.04567254
KO2610809,0.05904714
KO2610810,0.10659639
KO2610811,0.10186518
KO2610812,0.18522616
KO2610813,0.01527980
KO2610814,0.81328458
KO2610815,0.06105482
KO2610816,0.01179171
KO2610817,0.17774824
KO2610818,0.36706011
KO2610819,0.05672947
KO2610820,0.07156289
KO2610821,0.17943914
KO2610822,0.02900571
KO2610823,0.05378029
KO2610824,0.01055231
KO2610825,0.02059547
KO2610826,0.05379396
KO2610827,0.09231991
KO2610828,0.08873145
KO2610829,0.19000341
KO2610830,0.09511978
KO2610831,0.04221810
KO2610832,0.04851245
KO2610833,0.05877849
KO2610834,0.04712854
KO2610835,0.05953439
KO2610836,0.05735424
KO2610837,0.06347316
KO2610838,0.12572015
KO2610839,0.01816605
KO2610840,0.04088500
KO2610841,0.14132776
KO2610842,0.09662046
KO2610843,0.12538820
KO2610844,0.04498485
KO2610845,0.12059250
KO2610846,0.14983731
KO2610847,0.02272447
KO2610848,0.01271998
KO2610849,0.02883330
KO2610850,0.02492639
KO2610851,0.02777391
KO2610852,0.06568882
KO2610853,0.18870009
KO2610854,0.31191489
KO2610855,0.07385964
KO2610856,0.06690231
KO2610857,0.04812979
KO2610858,0.68562393
KO2610859,0.07133281
KO2610860,0.69626968
KO2610861,0.09449079
KO2610862,0.08035889
KO2610863,0.06354576
KO2610864,0.08417233
KO2610865,0.00865632
KO2610866,0.04749067
KO2610867,0.06738840
KO2610868,0.20264402
KO2610869,0.01910899
KO2610870,0.04271598
KO2610871,0.02208896
KO2610872,0.02651924
KO2610873,0.17879583
KO2610874,0.30754801
KO2610875,0.02190532
KO2610876,0.16822013
KO2610877,0.48233656
KO2610878,0.03528072
KO2610879,0.07429595
KO2610880,0.04161658
KO2610881,0.02184231
KO2610882,0.05165304
KO2610883,0.03144231
KO2610884,0.02684003
KO2610885,0.17824845
KO2610886,0.13934875
KO2610887,0.07157574
KO2610888,0.05585180
KO2610889,0.07648719
KO2610890,0.14841086
KO2610891,0.06864279
KO2610892,0.18536923
KO2610893,0.02767701
KO2610894,0.07903561
KO2610895,0.44835009
KO2610896,0.31437409
KO2610897,0.15078307
KO2610898,0.02709053
KO2610899,0.32998488
KO2610900,0.04003503
KO2610901,0.02975986
KO2610902,0.07770008
KO2610903,0.01213940
KO2610904,0.09222113
KO2610905,0.09838445
KO2610906,0.02311685
KO2610907,0.28014805
KO2610908,0.05768331
KO2610909,0.18089382
KO2610910,0.12768960
KO2610911,0.11438828
KO2610912,0.10772235
KO2610913,0.02169043
KO2610914,0.02545469
KO2610915,0.03754553
KO2610916,0.03514322
KO2610917,0.07380119
KO2610918,0.06537158
KO2610919,0.11614380
KO2610920,0.02812824
KO2610921,0.06296600
KO2610922,0.02198944
KO2610923,0.06561124
KO2610924,0.03911365
KO2610925,0.01429690
KO2610926,0.15009915
KO2610927,0.15161258
KO2610928,0.07435330
KO2610929,0.01335784
KO2610930,0.00798734
KO2610931,0.21454968
KO2610932,0.01972709
KO2610933,0.03258111
KO2610934,0.02196699
KO2610935,0.01278816
KO2610936,0.02657247
KO2610937,0.22247238
KO2610938,0.01231787
KO2610939,0.07144031
KO2610940,0.16656426
KO2610941,0.12311753
KO2610942,0.03003695
KO2610943,0.34044041
KO2610944,0.44162304
KO2610945,0.04400119
KO2610946,0.04946480
KO2610947,0.01960273
KO2610948,0.21294867
KO2610949,0.11553460
KO2610950,0.01866742
KO2610951,0.00989319
KO2610952,0.13410106
KO2610953,0.03661752
KO2610954,0.17711295
KO2610955,0.03544652
KO2610956,0.27239343
KO2610957,0.01276230
KO2610958,0.09786919
KO2610959,0.17498788
KO2610960,0.31488384
KO2610961,0.02580816
KO2610962,0.10484914
KO2610963,0.04299195
KO2610964,0.05574721
KO2610965,0.03960189
KO2610966,0.09464276
KO2610967,0.05858032
KO2610968,0.14746807
KO2610969,0.18904604
KO2610970,0.49103746
KO2610971,0.02664708
KO2610972,0.06133574
KO2610973,0.09742979
KO2610974,0.01193872
KO2610975,0.08898079
KO2610976,0.03570521
KO2610977,0.07996243
KO2610978,0.76474406
KO2610979,0.07249447
KO2610980,0.02131814
KO2610981,0.08069569
KO2610982,0.01839712
KO2610983,0.14364307
KO2610984,0.01281244
KO2610985,0.03053751
KO2610986,0.03517536
KO2610987,0.08632594
KO2610988,0.01417417
KO2610989,0.02221471
KO2610990,0.07661743
KO2610991,0.03384752
KO2610992,0.01390637
KO2610993,0.03059279
KO2610994,0.16129512
KO2610995,0.06131073
KO2610996,0.05156461
KO2610997,0.11741141
KO2610998,0.12400440
KO2610999,0.01688175
KO2611000,0.08983290
KO2611001,0.00916728
KO2611002,0.01774279
KO2611003,0.25541674
KO2611004,0.05354694
KO2611005,0.03771655
KO2611006,0.04959735
KO2611007,0.01460278
KO2611008,0.25513625
KO2611009,0.04816945
KO2611010,0.03003192
KO2611011,0.02945217
KO2611012,0.08604047
KO2611013,0.19240666
KO2611014,0.03994267
KO2611015,0.06048393
KO2611016,0.06295475
KO2611017,0.02519412
KO2611018,0.76927255
KO2611019,0.14806879
KO2611020,0.03753380
KO2611021,0.03907146
KO2611022,0.03851677
KO2611023,0.19290281
KO2611024,0.18685132
KO2611025,0.06494923
KO2611026,0.11694048
KO2611027,0.01823002
KO2611028,0.05054831
KO2611029,0.11497614
KO2611030,0.15776056
KO2611031,0.02211499
KO2611032,0.01179117
KO2611033,0.34865803
KO2611034,0.02009363
KO2611035,0.08080907
KO2611036,0.18680032
KO2611037,0.09158249
KO2611038,0.07336347
KO2611039,0.03639178
KO2611040,0.15812679
KO2611041,0.16326104
KO2611042,0.07497966
KO2611043,0.12204141
KO2611044,0.01860159
KO2611045,0.04297947
KO2611046,0.36598847
KO2611047,0.05320387
KO2611048,0.04043213
KO2611049,0.01945342
KO2611050,0.03083981
KO2611051,0.05015370
KO2611052,0.06650411
KO2611053,0.31732411
KO2611054,0.13388668
KO2611055,0.04891801
KO2611056,0.11283770
KO2611057,0.06156025
KO2611058,0.21075035
KO2611059,0.10874244
KO2611060,0.03673791
KO2611061,0.02020725
KO2611062,0.04750598
KO2611063,0.09395392
KO2611064,0.05238478
KO2611065,0.06318839
KO2611066,0.17542747
KO2611067,0.17243734
KO2611068,0.22361184
KO2611069,0.03082433
KO2611070,0.30775755
KO2611071,0.82951211
KO2611072,0.57187923
KO2611073,0.04030858
KO2611074,0.03160398
KO2611075,0.73720883
KO2611076,0.02704924
KO2611077,0.03837302
KO2611078,0.31142448
KO2611079,0.06383753
KO2611080,0.01096974
KO2611081,0.11325332
KO2611082,0.07964373
KO2611083,0.12174365
KO2611084,0.12213314
KO2611085,0.19082829
KO2611086,0.06505827
KO2611087,0.31443370
KO2611088,0.06561999
KO2611089,0.06706346
KO2611090,0.04110512
KO2611091,0.03882023
KO2611092,0.10237335
KO2611093,0.06088334
KO2611094,0.08933656
KO2611095,0.01673367
KO2611096,0.05981492
KO2611097,0.01457289
KO2611098,0.03259897
KO2611099,0.08699520
KO2611100,0.04049962
KO2611101,0.10175043
KO2611102,0.04773290
KO2611103,0.03965974
KO2611104,0.01630623
KO2611105,0.01389889
KO2611106,0.24606313
KO2611107,0.02952090
KO2611108,0.10852264
KO2611109,0.04616894
KO2611110,0.11484019
KO2611111,0.35858583
KO2611112,0.03717312
KO2611113,0.07726449
KO2611114,0.02199868
KO2611115,0.03463801
KO2611116,0.11223969
KO2611117,0.08225802
KO2611118,0.10329384
KO2611119,0.04858629
KO2611120,0.06705247
KO2611121,0.08450319
KO2611122,0.18147925
KO2611123,0.02959053
KO2611124,0.06868322
KO2611125,0.06152967
KO2611126,0.28048062
KO2611127,0.10908285
KO2611128,0.01961083
KO2611129,0.01864382
KO2611130,0.03439631
KO2611131,0.05117171
KO2611132,0.09507221
KO2611133,0.15370528
KO2611134,0.06982111
KO2611135,0.02776927
KO2611136,0.03627629
KO2611137,0.02564259
KO2611138,0.02075042
KO2611139,0.19726930
KO2611140,0.10457845
KO2611141,0.08586123
KO2611142,0.03002761
KO2611143,0.41759441
KO2611144,0.15744253
KO2611145,0.15925842
KO2611146,0.03697002
KO2611147,0.07374050
KO2611148,0.07510545
KO2611149,0.03593523
KO2611150,0.20725259
KO2611151,0.25670402
KO2611152,0.06493959
KO2611153,0.05728156
KO2611154,0.04387764
KO2611155,0.02619958
KO2611156,0.07213344
KO2611157,0.01602295
KO2611158,0.03076908
KO2611159,0.11383523
KO2611160,0.03949212
KO2611161,0.03382144
KO2611162,0.14393465
KO2611163,0.07944957
KO2611164,0.24291080
KO2611165,0.03483108
KO2611166,0.05650985
KO2611167,0.01844404
KO2611168,0.46242565
KO2611169,0.09317435
KO2611170,0.15662280
KO2611171,0.01313478
KO2611172,0.10406446
KO2611173,0.02306026
KO2611174,0.10269460
KO2611175,0.19137641
KO2611176,0.15580143
KO2611177,0.13104834
KO2611178,0.11271256
KO2611179,0.04283910
KO2611180,0.16578958
KO2611181,0.08863764
KO2611182,0.06386017
KO2611183,0.01589008
KO2611184,0.24192659
KO2611185,0.10687940
KO2611186,0.22821802
KO2611187,0.67457785
KO2611188,0.04954224
KO2611189,0.04010047
KO2611190,0.02072649
KO2611191,0.02544608
KO2611192,0.03590765
KO2611193,0.17932078
KO2611194,0.03402251
KO2611195,0.01714238
KO2611196,0.05938484
KO2611197,0.07523608
KO2611198,0.11550971
KO2611199,0.35672014
KO2611200,0.11759290
KO2611201,0.17406188
KO2611202,0.38609074
KO2611203,0.13196453
KO2611204,0.13277500
KO2611205,0.07434640
KO2611206,0.05516872
KO2611207,0.17428694
KO2611208,0.15451846
KO2611209,0.09572282
KO2611210,0.65595611
KO2611211,0.10967855
KO2611212,0.09828945
KO2611213,0.60916658
KO2611214,0.09040097
KO2611215,0.02603184
KO2611216,0.13041601
KO2611217,0.30290272
KO2611218,0.04768274
KO2611219,0.03803552
KO2611220,0.10993227
KO2611221,0.01916997
KO2611222,0.05489918
KO2611223,0.96018407
KO2611224,0.13090152
KO2611225,0.33079813
KO2611226,0.02145860
KO2611227,0.02655505
KO2611228,0.06242472
KO2611229,0.05033222
KO2611230,0.02913605
KO2611231,0.03685649
KO2611232,0.11057711
KO2611233,0.10478195
KO2611234,0.15639546
KO2611235,0.12071757
KO2611236,0.20198088
KO2611237,0.02227929
KO2611238,0.04366125
KO2611239,0.16144392
KO2611240,0.08609576
KO2611241,0.08083767
KO2611242,0.16422911
KO2611243,0.17571006
KO2611244,0.07734867
KO2611245,0.06024563
KO2611246,0.06822591
KO2611247,0.30038150
KO2611248,0.45587583
KO2611249,0.01652226
KO2611250,0.06510361
KO2611251,0.20209840
KO2611252,0.02638191
KO2611253,0.15505371
KO2611254,0.03316973
KO2611255,0.07717694
KO2611256,0.01596738
KO2611257,0.07429556
KO2611258,0.07198209
KO2611259,0.18521659
KO2611260,0.11047857
KO2611261,0.23166590
KO2611262,0.24151432
KO2611263,0.08716771
KO2611264,0.03418390
KO2611265,0.23551262
KO2611266,0.17762121
KO2611267,0.32254310
KO2611268,0.05024513
KO2611269,0.06978247
KO2611270,0.11372824
KO2611271,0.01982959
KO2611272,0.06836411
KO2611273,0.02682199
KO2611274,0.29783234
KO2611275,0.02157450
KO2611276,0.08197527
KO2611277,0.55443830
KO2611278,0.02539835
KO2611279,0.05906509
KO2611280,0.16379685
KO2611281,0.06480015
KO2611282,0.14958705
KO2611283,0.13546458
KO2611284,0.10779187
KO2611285,0.18065365
KO2611286,0.18133957
KO2611287,0.10900478
KO2611288,0.06037025
KO2611289,0.09927415
KO2611290,0.02424354
KO2611291,0.03358303
KO2611292,0.33207614
KO2611293,0.16875363
KO2611294,0.05284445
KO2611295,0.35404201
KO2611296,0.04919564
KO2611297,0.17834069
KO2611298,0.16286509
KO2611299,0.05498811
KO2611300,0.14688630
KO2611301,0.03031552
KO2611302,0.03167028
KO2611303,0.05350860
KO2611304,0.04998814
KO2611305,0.05127683
KO2611306,0.06368279
KO2611307,0.41776277
KO2611308,0.08257426
KO2611309,0.14750945
KO2611310,0.03164004
KO2611311,0.11750961
KO2611312,0.04207364
KO2611313,0.03898804
KO2611314,0.02663923
KO2611315,0.20480882
KO2611316,0.07532693
KO2611317,0.12232676
KO2611318,0.06104767
KO2611319,0.09009395
KO2611320,0.15893517
KO2611321,0.06778111
KO2611322,0.19576274
KO2611323,0.03155770
KO2611324,0.72966881
KO2611325,0.04126625
KO2611326,0.06048531
KO2611327,0.32976297
KO2611328,0.01898420
KO2611329,0.28379999
KO2611330,0.01527303
KO2611331,0.24906186
KO2611332,0.02220792
KO2611333,0.38283071
KO2611334,0.05752175
KO2611335,0.03536143
KO2611336,0.09558321
KO2611337,0.02797467
KO2611338,0.03339374
KO2611339,0.05754435
KO2611340,0.19099984
KO2611341,0.04454879
KO2611342,0.12710610
KO2611343,0.03493736
KO2611344,0.21233577
KO2611345,0.03828598
KO2611346,0.25981333
KO2611347,0.04254274
KO2611348,0.70040529
KO2611349,0.29722155
KO2611350,0.07777059
KO2611351,0.03614909
KO2611352,0.11025840
KO2611353,0.02445989
KO2611354,0.08968642
KO2611355,0.10007949
KO2611356,0.12129039
KO2611357,0.16391691
KO2611358,0.01846443
KO2611359,0.05640694
KO2611360,0.09924253
KO2611361,0.07127105
KO2611362,0.13193865
KO2611363,0.03956742
KO2611364,0.04788675
KO2611365,0.08352513
KO2611366,0.04604830
KO2611367,0.45473881
KO2611368,0.06057484
KO2611369,0.00935651
KO2611370,0.05725326
KO2611371,0.07969330
KO2611372,0.43528901
KO2611373,0.01957631
KO2611374,0.01991580
KO2611375,0.11988843
KO2611376,0.10758941
KO2611377,0.04328629
KO2611378,0.11901889
KO2611379,0.19946352
KO2611380,0.06706730
KO2611381,0.07963871
KO2611382,0.22255613
KO2611383,0.02284389
KO2611384,0.09169138
KO2611385,0.04775371
KO2611386,0.19527008
KO2611387,0.22473571
KO2611388,0.06656287
KO2611389,0.25836021
KO2611390,0.03885455
KO2611391,0.04747981
KO2611392,0.02984012
KO2611393,0.05905929
KO2611394,0.14251835
KO2611395,0.03854833
KO2611396,0.15262278
KO2611397,0.11722867
KO2611398,0.36423988
KO2611399,0.28484276
KO2611400,0.04114542
KO2611401,0.07058824
KO2611402,0.48342476
KO2611403,0.09809612
KO2611404,0.04337273
KO2611405,0.01462235
KO2611406,0.05163139
KO2611407,0.04160265
KO2611408,0.06500950
KO2611409,0.05254251
KO2611410,0.04490353
KO2611411,0.04340132
KO2611412,0.31252257
KO2611413,0.05752620
KO2611414,0.16122022
KO2611415,0.13046792
KO2611416,0.03105836
KO2611417,0.04766979
KO2611418,0.10090281
KO2611419,0.06230765
KO2611420,0.23118048
KO2611421,0.06133557
KO2611422,0.01817081
KO2611423,0.05627089
KO2611424,0.03069550
KO2611425,0.06942185
KO2611426,0.05001810
KO2611427,0.03708614
KO2611428,0.08622182
KO2611429,0.04820447
KO2611430,0.01963974
KO2611431,0.08400327
KO2611432,0.08294367
KO2611433,0.46188819
KO2611434,0.05530646
KO2611435,0.13786447
KO2611436,0.01741558
KO2611437,0.02609702
KO2611438,0.01283503
KO2611439,0.35194901
KO2611440,0.08195781
KO2611441,0.03480579
KO2611442,0.09035103
KO2611443,0.01956837
KO2611444,0.12923750
KO2611445,0.11154845
KO2611446,0.04834053
KO2611447,0.15293779
KO2611448,0.05663917
KO2611449,0.01150062
KO2611450,0.03702528
KO2611451,0.13488417
KO2611452,0.11808269
KO2611453,0.39584124
KO2611454,0.06943374
KO2611455,0.12562332
KO2611456,0.04702159
KO2611457,0.03869888
KO2611458,0.04615863
KO2611459,0.09914551
KO2611460,0.11849035
KO2611461,0.04789403
KO2611462,0.07361279
KO2611463,0.01202968
KO2611464,0.06506133
KO2611465,0.03441613
KO2611466,0.08282115
KO2611467,0.09448023
KO2611468,0.05212395
KO2611469,0.06944677
KO2611470,0.15387334
KO2611471,0.26922022
KO2611472,0.21539406
KO2611473,0.20231009
KO2611474,0.03383562
KO2611475,0.04101471
KO2611476,0.07150813
KO2611477,0.02759133
KO2611478,0.05942711
KO2611479,0.05149225
KO2611480,0.06285342
KO2611481,0.03092726
KO2611482,0.05195481
KO2611483,0.04635345
KO2611484,0.02741442
KO2611485,0.07133793
KO2611486,0.17710108
KO2611487,0.03926558
KO2611488,0.15873080
KO2611489,0.15788489
KO2611490,0.09084121
KO2611491,0.18767842
KO2611492,0.11925046
KO2611493,0.03251283
KO2611494,0.55127949
KO2611495,0.09877210
KO2611496,0.04507573
KO2611497,0.07983713
KO2611498,0.08905175
KO2611499,0.23601243
KO2611500,0.04753863
KO2611501,0.02177829
KO2611502,0.04862944
KO2611503,0.21312285
KO2611504,0.05916697
KO2611505,0.16943050
KO2611506,0.01741155
KO2611507,0.12021070
KO2611508,0.03604868
KO2611509,0.09648519
KO2611510,0.10865737
KO2611511,0.25623420
KO2611512,0.23535695
KO2611513,0.09818164
KO2611514,0.06230772
KO2611515,0.06788163
KO2611516,0.02452334
KO2611517,0.05454189
KO2611518,0.02545654
KO2611519,0.09109269
KO2611520,0.29601817
KO2611521,0.01855258
KO2611522,0.03554733
KO2611523,0.16337547
KO2611524,0.10024723
KO2611525,0.03322282
KO2611526,0.08756716
KO2611527,0.02285542
KO2611528,0.20591900
KO2611529,0.02166877
KO2611530,0.05747353
KO2611531,0.11153210
KO2611532,0.01778911
KO2611533,0.02237568
KO2611534,0.06040057
KO2611535,0.15263958
KO2611536,0.08049572
KO2611537,0.04342408
KO2611538,0.07469824
KO2611539,0.06054270
KO2611540,0.93310533
KO2611541,0.02943742
KO2611542,0.13561957
KO2611543,0.07761936
KO2611544,0.03046454
KO2611545,0.01994513
KO2611546,0.04414385
KO2611547,0.01568953
KO2611548,0.05163676
KO2611549,0.13571231
KO2611550,0.03993304
KO2611551,0.04099795
KO2611552,0.01393275
KO2611553,0.02557555
KO2611554,0.06721091
KO2611555,0.09891920
KO2611556,0.03833461
KO2611557,0.23764639
KO2611558,0.03236865
KO2611559,0.82406099
KO2611560,0.09353866
KO2611561,0.36266557
KO2611562,0.03582018
KO2611563,0.46129015
KO2611564,0.05755012
KO2611565,0.06232687
KO2611566,0.01790952
KO2611567,0.31032226
KO2611568,0.04781356
KO2611569,0.12569718
KO2611570,0.10345230
KO2611571,0.02557249
KO2611572,0.20081375
KO2611573,0.06743477
KO2611574,0.06521358
KO2611575,0.03360102
KO2611576,0.26584342
KO2611577,0.09641729
KO2611578,0.64482568
KO2611579,0.04342913
KO2611580,0.49490039
KO2611581,0.04200480
KO2611582,0.01879359
KO2611583,0.09135774
KO2611584,0.16858078
KO2611585,0.20693739
KO2611586,0.11788705
KO2611587,0.06449049
KO2611588,0.02307345
KO2611589,0.50032075
KO2611590,0.03361010
KO2611591,0.11222440
KO2611592,0.10696873
KO2611593,0.69634676
KO2611594,0.14667329
KO2611595,0.03815193
KO2611596,0.17212084
KO2611597,0.03126926
KO2611598,0.12474683
KO2611599,0.10367267
KO2611600,0.06314735
KO2611601,0.14198672
KO2611602,0.07771013
KO2611603,0.02015281
KO2611604,0.10878110
KO2611605,0.02539529
KO2611606,0.04073427
KO2611607,0.13111790
KO2611608,0.07395385
KO2611609,0.25920596
KO2611610,0.10706970
KO2611611,0.14985612
KO2611612,0.14033922
KO2611613,0.21264133
KO2611614,0.09824912
KO2611615,0.15761465
KO2611616,0.06534146
KO2611617,0.06613227
KO2611618,0.01440816
KO2611619,0.04786852
KO2611620,0.09665730
KO2611621,0.01465294
KO2611622,0.50250443
KO2611623,0.01403634
KO2611624,0.15208789
KO2611625,0.06183369
KO2611626,0.05900199
KO2611627,0.05131113
KO2611628,0.10557251
KO2611629,0.02649229
KO2611630,0.05435810
KO2611631,0.03053721
KO2611632,0.41704594
KO2611633,0.03903956
KO2611634,0.01966006
KO2611635,0.04586551
KO2611636,0.07852508
KO2611637,0.19114446
KO2611638,0.10313256
KO2611639,0.04710022
KO2611640,0.22233344
KO2611641,0.03384579
KO2611642,0.24927730
KO2611643,0.79036627
KO2611644,0.02103764
KO2611645,0.59909111
KO2611646,0.07597552
KO2611647,0.06170958
KO2611648,0.03645314
KO2611649,0.31152237
KO2611650,0.05246228
KO2611651,0.14067270
KO2611652,0.10827798
KO2611653,0.42828877
KO2611654,0.12942390
KO2611655,0.18317567
KO2611656,0.16377873
KO2611657,0.02817324
KO2611658,0.08656216
KO2611659,0.06075492
KO2611660,0.03322609
KO2611661,0.02028913
KO2611662,0.04499863
KO2611663,0.17062420
KO2611664,0.33917191
KO2611665,0.29679104
KO2611666,0.14448415
KO2611667,0.01275202
KO2611668,0.03081971
KO2611669,0.08351012
KO2611670,0.18225320
KO2611671,0.09155921
KO2611672,0.04736174
KO2611673,0.06674603
KO2611674,0.45696063
KO2611675,0.28987186
KO2611676,0.07345100
KO2611677,0.34831723
KO2611678,0.23186809
KO2611679,0.06447172
KO2611680,0.04440304
KO2611681,0.20307613
KO2611682,0.03061689
KO2611683,0.77775496
KO2611684,0.10617016
KO2611685,0.02135681
KO2611686,0.25241979
KO2611687,0.05992319
KO2611688,0.09740445
KO2611689,0.14383681
KO2611690,0.03950906
KO2611691,0.15135729
KO2611692,0.04185818
KO2611693,0.05540204
KO2611694,0.77228563
KO2611695,0.13233127
KO2611696,0.67830285
KO2611697,0.12105737
KO2611698,0.04362372
KO2611699,0.08671609
KO2611700,0.15877479
KO2611701,0.03457944
KO2611702,0.13647758
KO2611703,0.08209315
KO2611704,0.02906650
KO2611705,0.06926427
KO2611706,0.18483015
KO2611707,0.02819173
KO2611708,0.21617734
KO2611709,0.10244832
KO2611710,0.10722424
KO2611711,0.14623183
KO2611712,0.10045061
KO2611713,0.01273018
KO2611714,0.12010041
KO2611715,0.02327383
KO2611716,0.04993341
KO2611717,0.16407403
KO2611718,0.17616010
KO2611719,0.02146621
KO2611720,0.18666749
KO2611721,0.12232548
KO2611722,0.27461065
KO2611723,0.02550844
KO2611724,0.02528663
KO2611725,0.03800030
KO2611726,0.04395127
KO2611727,0.06052128
KO2611728,0.10288062
KO2611729,0.03135844
KO2611730,0.06819916
KO2611731,0.17823393
KO2611732,0.14301779
KO2611733,0.11395060
KO2611734,0.09220566
KO2611735,0.05223317
KO2611736,0.45147401
KO2611737,0.07257571
KO2611738,0.06400122
KO2611739,0.03298563
KO2611740,0.27042806
KO2611741,0.13378948
KO2611742,0.03308798
KO2611743,0.07148669
KO2611744,0.04840620
KO2611745,0.06025902
KO2611746,0.13871814
KO2611747,0.12900502
KO2611748,0.06525405
KO2611749,0.15156494
KO2611750,0.02577753
KO2611751,0.05962227
KO2611752,0.12529749
KO2611753,0.06864794
KO2611754,0.08020597
KO2611755,0.02169204
KO2611756,0.15395178
KO2611757,0.05665050
KO2611758,0.15880573
KO2611759,0.04889560
KO2611760,0.14925517
KO2611761,0.36064208
KO2611762,0.11367794
KO2611763,0.04497847
KO2611764,0.10212717
KO2611765,0.28137128
KO2611766,0.02740042
KO2611767,0.09594775
KO2611768,0.29741371
KO2611769,0.08547051
KO2611770,0.37854989
KO2611771,0.03475779
KO2611772,0.03773298
KO2611773,0.04612017
KO2611774,0.11491012
KO2611775,0.14187661
KO2611776,0.11598570
KO2611777,0.14820513
KO2611778,0.03213278
KO2611779,0.09915362
KO2611780,0.02677400
KO2611781,0.13046734
KO2611782,0.05905973
KO2611783,0.13027584
KO2611784,0.45956053
KO2611785,0.05558570
KO2611786,0.03151543
KO2611787,0.01761636
KO2611788,0.03493283
KO2611789,0.08086903
KO2611790,0.33854374
KO2611791,0.10901566
KO2611792,0.05566689
KO2611793,0.08425635
KO2611794,0.35167193
KO2611795,0.17577470
KO2611796,0.09138919
KO2611797,0.05121472
KO2611798,0.14782970
KO2611799,0.51402330
KO2611800,0.18572214
KO2611801,0.03396556
KO2611802,0.13450534
KO2611803,0.09570777
KO2611804,0.17424555
KO2611805,0.05867486
KO2611806,0.02629732
KO2611807,0.04139202
KO2611808,0.02351034
KO2611809,0.11765136
KO2611810,0.03823158
KO2611811,0.11488934
KO2611812,0.17067020
KO2611813,0.03483351
KO2611814,0.01464041
KO2611815,0.08225327
KO2611816,0.08315791
KO2611817,0.06515089
KO2611818,0.15017275
KO2611819,0.26916458
KO2611820,0.27421150
KO2611821,0.04098912
KO2611822,0.07566907
KO2611823,0.01679881
KO2611824,0.29599895
KO2611825,0.19463140
KO2611826,0.06550249
KO2611827,0.06636487
KO2611828,0.17690439
KO2611829,0.07371120
KO2611830,0.18710519
KO2611831,0.10284855
KO2611832,0.02018074
KO2611833,0.14475615
KO2611834,0.17405274
KO2611835,0.02062210
KO2611836,0.17752537
KO2611837,0.10704440
KO2611838,0.20903388
KO2611839,0.51162612
KO2611840,0.14909533
KO2611841,0.13705756
KO2611842,0.08886280
KO2611843,0.14000749
KO2611844,0.26319481
KO2611845,0.06265687
KO2611846,0.01521296
KO2611847,0.07336384
KO2611848,0.38405107
KO2611849,0.12494528
KO2611850,0.03441135
KO2611851,0.06319518
KO2611852,0.02281472
KO2611853,0.03966242
KO2611854,0.06121648
KO2611855,0.14593500
KO2611856,0.14358366
KO2611857,0.14943048
KO2611858,0.10935862
KO2611859,0.05609950
KO2611860,0.08854314
KO2611861,0.21066765
KO2611862,0.07972111
KO2611863,0.05798555
KO2611864,0.04568945
KO2611865,0.26205785
KO2611866,0.10456838
KO2611867,0.03047815
KO2611868,0.02874160
KO2611869,0.06465533
KO2611870,0.02478423
KO2611871,0.04852799
KO2611872,0.03836653
KO2611873,0.06476113
KO2611874,0.01640927
KO2611875,0.10723129
KO2611876,0.18260354
KO2611877,0.05043055
KO2611878,0.01473656
KO2611879,0.01109238
KO2611880,0.02980718
KO2611881,0.26896595
KO2611882,0.49937564
KO2611883,0.29625050
KO2611884,0.05269955
KO2611885,0.15617672
KO2611886,0.05913833
KO2611887,0.04399405
KO2611888,0.03888928
KO2611889,0.01793670
KO2611890,0.28398815
KO2611891,0.32442551
KO2611892,0.10040189
KO2611893,0.09500735
KO2611894,0.09141652
KO2611895,0.10847281
KO2611896,0.04513284
KO2611897,0.11955354
KO2611898,0.02324585
KO2611899,0.04084267
KO2611900,0.03722544
KO2611901,0.15763707
KO2611902,0.23208581
KO2611903,0.59538121
KO2611904,0.15078846
KO2611905,0.01751638
KO2611906,0.10975181
KO2611907,0.07007505
KO2611908,0.08854451
KO2611909,0.84864541
KO2611910,0.04630689
KO2611911,0.03316989
KO2611912,0.01297559
KO2611913,0.04241780
KO2611914,0.41105529
KO2611915,0.01938706
KO2611916,0.03579869
KO2611917,0.02675060
KO2611918,0.02155880
KO2611919,0.09205607
KO2611920,0.06943456
KO2611921,0.01182299
KO2611922,0.06625459
KO2611923,0.04867630
KO2611924,0.31451909
KO2611925,0.03769705
KO2611926,0.30827141
KO2611927,0.08057534
KO2611928,0.05488159
KO2611929,0.13684860
KO2611930,0.01955498
KO2611931,0.01438405
KO2611932,0.07463073
KO2611933,0.01673609
KO2611934,0.04192540
KO2611935,0.20409960
KO2611936,0.08031247
KO2611937,0.05356281
KO2611938,0.08982639
KO2611939,0.02062168
KO2611940,0.07370983
KO2611941,0.02316847
KO2611942,0.12273315
KO2611943,0.34012092
KO2611944,0.23266754
KO2611945,0.02445118
KO2611946,0.03449096
KO2611947,0.12562789
KO2611948,0.07002415
KO2611949,0.07367136
KO2611950,0.06835835
KO2611951,0.01615510
KO2611952,0.03616303
KO2611953,0.02836159
KO2611954,0.00795064
KO2611955,0.02714538
KO2611956,0.03082186
KO2611957,0.17711046
KO2611958,0.02078378
KO2611959,0.05887266
KO2611960,0.02120947
KO2611961,0.10801820
KO2611962,0.02882823
KO2611963,0.02921407
KO2611964,0.05245671
KO2611965,0.09990620
KO2611966,0.11661962
KO2611967,0.03983494
KO2611968,0.49760886
KO2611969,0.03585541
KO2611970,0.23784820
KO2611971,0.06553579
KO2611972,0.10833955
KO2611973,0.09129924
KO2611974,0.14278106
KO2611975,0.08751896
KO2611976,0.20268130
KO2611977,0.06630760
KO2611978,0.00851243
KO2611979,0.02457202
KO2611980,0.09379185
KO2611981,0.03362181
KO2611982,0.15729281
KO2611983,0.01632042
KO2611984,0.13152993
KO2611985,0.03476205
KO2611986,0.07389961
KO2611987,0.12777034
KO2611988,0.06220994
KO2611989,0.12971247
KO2611990,0.04698671
KO2611991,0.06646658
KO2611992,0.62666937
KO2611993,0.07110575
KO2611994,0.10463163
KO2611995,0.04223771
KO2611996,0.08246342
KO2611997,0.02057099
KO2611998,0.10207813
KO2611999,0.01879961
KO2612000,0.04208991
KO2612001,0.06462479
KO2612002,0.06598274
KO2612003,0.07800558
KO2612004,0.46588888
KO2612005,0.02022257
KO2612006,0.02711346
KO2612007,0.03378703
KO2612008,0.35212372
KO2612009,0.09404523
KO2612010,0.02980778
KO2612011,0.06805475
KO2612012,0.02206002
KO2612013,0.09540519
KO2612014,0.18699854
KO2612015,0.03873925
KO2612016,0.09232755
KO2612017,0.07425032
KO2612018,0.12520612
KO2612019,0.07847798
KO2612020,0.11385366
KO2612021,0.02960131
KO2612022,0.05200585
KO2612023,0.30090499
KO2612024,0.33065909
KO2612025,0.03019019
KO2612026,0.14721806
KO2612027,0.11571431
KO2612028,0.75033932
KO2612029,0.44746939
KO2612030,0.01787746
KO2612031,0.06583212
KO2612032,0.22960150
KO2612033,0.04194307
KO2612034,0.01274072
KO2612035,0.02987948
KO2612036,0.02898423
KO2612037,0.19485087
KO2612038,0.21056966
KO2612039,0.06344589
KO2612040,0.08944974
KO2612041,0.28927276
KO2612042,0.02142728
KO2612043,0.01881286
KO2612044,0.11104331
KO2612045,0.03279610
KO2612046,0.04305528
KO2612047,0.02050623
KO2612048,0.08551496
KO2612049,0.02076083
KO2612050,0.10689822
KO2612051,0.01659464
KO2612052,0.16344010
KO2612053,0.02453155
KO2612054,0.01770135
KO2612055,0.06953560
KO2612056,0.04022099
KO2612057,0.02579152
KO2612058,0.08878170
KO2612059,0.02470968
KO2612060,0.02795156
KO2612061,0.01739381
KO2612062,0.16015086
KO2612063,0.01512867
KO2612064,0.08708956
KO2612065,0.09344112
KO2612066,0.01510716
KO2612067,0.03387727
KO2612068,0.04723857
KO2612069,0.04699143
KO2612070,0.11301596
KO2612071,0.26576076
KO2612072,0.02928933
KO2612073,0.20548650
KO2612074,0.14852258
KO2612075,0.12359789
KO2612076,0.04324267
KO2612077,0.02744466
KO2612078,0.02790443
KO2612079,0.01284039
KO2612080,0.09712560
KO2612081,0.03533298
KO2612082,0.42356270
KO2612083,0.44007909
KO2612084,0.31730444
KO2612085,0.02562281
KO2612086,0.16432128
KO2612087,0.11426106
KO2612088,0.00605934
KO2612089,0.02223837
KO2612090,0.01052385
KO2612091,0.01417916
KO2612092,0.25969088
KO2612093,0.07692509
KO2612094,0.05502145
KO2612095,0.08149911
KO2612096,0.11063425
KO2612097,0.18244035
KO2612098,0.01290738
KO2612099,0.02124023
KO2612100,0.10295933
KO2612101,0.02710377
KO2612102,0.04489921
KO2612103,0.03892513
KO2612104,0.01763807
KO2612105,0.01775864
KO2612106,0.02687680
KO2612107,0.01206635
KO2612108,0.13216721
KO2612109,0.11432967
KO2612110,0.07901872
KO2612111,0.00901150
KO2612112,0.08973845
KO2612113,0.05570613
KO2612114,0.00904095
KO2612115,0.07275284
KO2612116,0.09229460
KO2612117,0.03260224
KO2612118,0.03903041
KO2612119,0.02015972
KO2612120,0.01998653
KO2612121,0.11301438
KO2612122,0.64389854
KO2612123,0.13337174
KO2612124,0.01423772
KO2612125,0.03030269
KO2612126,0.14718534
KO2612127,0.04164472
KO2612128,0.02568224
KO2612129,0.02670489
KO2612130,0.23511652
KO2612131,0.03935226
KO2612132,0.01228595
KO2612133,0.15350387
KO2612134,0.04439417
KO2612135,0.06315292
KO2612136,0.12740775
KO2612137,0.35288725
KO2612138,0.05025318
KO2612139,0.02786586
KO2612140,0.03638334
KO2612141,0.01248808
KO2612142,0.03194606
KO2612143,0.00741245
KO2612144,0.19714698
KO2612145,0.24411877
KO2612146,0.04960253
KO2612147,0.41625816
KO2612148,0.05763796
KO2612149,0.02948206
KO2612150,0.17660129
KO2612151,0.03718808
KO2612152,0.04455219
KO2612153,0.35910399
KO2612154,0.07858092
KO2612155,0.96659936
KO2612156,0.01365428
KO2612157,0.00780430
KO2612158,0.01367295
KO2612159,0.06299149
KO2612160,0.06109418
KO2612161,0.04180748
KO2612162,0.05480304
KO2612163,0.21432316
KO2612164,0.05890950
KO2612165,0.06098066
KO2612166,0.57964394
KO2612167,0.02400432
KO2612168,0.03915368
KO2612169,0.19270901
KO2612170,0.04237476
KO2612171,0.05327793
KO2612172,0.04453240
KO2612173,0.02022180
KO2612174,0.05783990
KO2612175,0.08156724
KO2612176,0.08428913
KO2612177,0.03459414
KO2612178,0.03226438
KO2612179,0.62131934
KO2612180,0.06571549
KO2612181,0.07848644
KO2612182,0.02837639
KO2612183,0.46205548
KO2612184,0.09301735
KO2612185,0.04414699
KO2612186,0.16090564
KO2612187,0.19953349
KO2612188,0.01130137
KO2612189,0.05511033
KO2612190,0.01521985
KO2612191,0.02539630
KO2612192,0.03932028
KO2612193,0.02596067
KO2612194,0.22441123
KO2612195,0.10294940
KO2612196,0.03860999
KO2612197,0.05434377
KO2612198,0.08698738
KO2612199,0.02111572
KO2612200,0.03074133
KO2612201,0.15164486
KO2612202,0.04142304
KO2612203,0.04015687
KO2612204,0.00980926
KO2612205,0.03995720
KO2612206,0.42397629
KO2612207,0.12925191
KO2612208,0.09360567
KO2612209,0.01037363
KO2612210,0.09132892
KO2612211,0.07362249
KO2612212,0.01914970
KO2612213,0.06525155
KO2612214,0.04843734
KO2612215,0.04762480
KO2612216,0.11504800
KO2612217,0.08817367
KO2612218,0.10361363
KO2612219,0.03951236
KO2612220,0.00961081
KO2612221,0.01521368
KO2612222,0.05289992
KO2612223,0.08018877
KO2612224,0.01262071
KO2612225,0.04495147
KO2612226,0.01661030
KO2612227,0.12480552
KO2612228,0.03662422
KO2612229,0.02584856
KO2612230,0.04137963
KO2612231,0.02092215
KO2612232,0.06704385
KO2612233,0.02751109
KO2612234,0.02530457
KO2612235,0.08371176
KO2612236,0.02194559
KO2612237,0.04791241
KO2612238,0.03305067
KO2612239,0.02955972
KO2612240,0.74384396
KO2612241,0.20412656
KO2612242,0.04915315
KO2612243,0.18181780
KO2612244,0.06328541
KO2612245,0.04695763
KO2612246,0.17180804
KO2612247,0.07197621
KO2612248,0.18066645
KO2612249,0.05373159
KO2612250,0.13072990
KO2612251,0.01729833
KO2612252,0.04011707
KO2612253,0.10060731
KO2612254,0.02328424
KO2612255,0.02553436
KO2612256,0.03500012
KO2612257,0.13037667
KO2612258,0.00936044
KO2612259,0.10516931
KO2612260,0.26106336
KO2612261,0.36310555
KO2612262,0.03773675
KO2612263,0.10428195
KO2612264,0.03690280
KO2612265,0.08882296
KO2612266,0.10680015
KO2612267,0.05182732
KO2612268,0.51325356
KO2612269,0.10981798
KO2612270,0.03255923
KO2612271,0.02716085
KO2612272,0.20431332
KO2612273,0.07064795
KO2612274,0.03108198
KO2612275,0.31201886
KO2612276,0.09073035
KO2612277,0.28071766
KO2612278,0.17026137
KO2612279,0.05474898
KO2612280,0.11115444
KO2612281,0.08655386
KO2612282,0.04197152
KO2612283,0.12871201
KO2612284,0.16140997
KO2612285,0.03490310
KO2612286,0.06949178
KO2612287,0.07237031
KO2612288,0.13102890
KO2612289,0.02517127
KO2612290,0.01503317
KO2612291,0.06980884
KO2612292,0.02529174
KO2612293,0.03266722
KO2612294,0.02300250
KO2612295,0.01129680
KO2612296,0.08552350
KO2612297,0.09531499
KO2612298,0.03678611
KO2612299,0.03029948
KO2612300,0.01764905
KO2612301,0.04667990
KO2612302,0.01674296
KO2612303,0.02441036
KO2612304,0.12137264
KO2612305,0.03245034
KO2612306,0.07185232
KO2612307,0.88488341
KO2612308,0.23301844
KO2612309,0.03814445
KO2612310,0.01628064
KO2612311,0.01847020
KO2612312,0.01674580
KO2612313,0.26207349
KO2612314,0.15416395
KO2612315,0.19735991
KO2612316,0.01944813
KO2612317,0.07022331
KO2612318,0.21283946
KO2612319,0.09156515
KO2612320,0.01180148
KO2612321,0.02233758
KO2612322,0.02137906
KO2612323,0.01576973
KO2612324,0.09125124
KO2612325,0.09126679
KO2612326,0.08031844
KO2612327,0.11081904
KO2612328,0.03305808
KO2612329,0.07151949
KO2612330,0.02996719
KO2612331,0.06062653
KO2612332,0.01405505
KO2612333,0.09405257
KO2612334,0.06797824
KO2612335,0.13781608
KO2612336,0.01354197
KO2612337,0.03709142
KO2612338,0.02821200
KO2612339,0.13777803
KO2612340,0.09299768
KO2612341,0.03810226
KO2612342,0.17556751
KO2612343,0.00940055
KO2612344,0.01874860
KO2612345,0.06738075
KO2612346,0.24806285
KO2612347,0.17745305
KO2612348,0.10239706
KO2612349,0.04789683
KO2612350,0.33895200
KO2612351,0.08938998
KO2612352,0.12848534
KO2612353,0.03875098
KO2612354,0.01536532
KO2612355,0.05168780
KO2612356,0.02271408
KO2612357,0.51038826
KO2612358,0.05190539
KO2612359,0.03757314
KO2612360,0.02623496
KO2612361,0.06244115
KO2612362,0.12743051
KO2612363,0.01897058
KO2612364,0.04672038
KO2612365,0.08875357
KO2612366,0.02249234
KO2612367,0.03253116
KO2612368,0.05369993
KO2612369,0.00930754
KO2612370,0.02280115
KO2612371,0.11653992
KO2612372,0.02953530
KO2612373,0.02412890
KO2612374,0.01347759
KO2612375,0.01997045
KO2612376,0.04155801
KO2612377,0.01585901
KO2612378,0.11644140
KO2612379,0.05290487
KO2612380,0.33758137
KO2612381,0.01040152
KO2612382,0.19950308
KO2612383,0.15197185
KO2612384,0.05151498
KO2612385,0.01305782
KO2612386,0.08973500
KO2612387,0.03275026
KO2612388,0.04154597
KO2612389,0.02392260
KO2612390,0.07551100
KO2612391,0.04519133
KO2612392,0.04776042
KO2612393,0.06989595
KO2612394,0.01493843
KO2612395,0.08084766
KO2612396,0.03601579
KO2612397,0.12032875
KO2612398,0.06993565
KO2612399,0.02564827
KO2612400,0.07188609
KO2612401,0.04470111
KO2612402,0.03680890
KO2612403,0.03349419
KO2612404,0.23274371
KO2612405,0.13096961
KO2612406,0.08681381
KO2612407,0.12939339
KO2612408,0.05695365
KO2612409,0.15117295
KO2612410,0.05857695
KO2612411,0.09997317
KO2612412,0.03496636
KO2612413,0.24303233
KO2612414,0.06323354
KO2612415,0.01933883
KO2612416,0.02471998
KO2612417,0.03810085
KO2612418,0.05963939
KO2612419,0.11647510
KO2612420,0.02445179
KO2612421,0.01372694
KO2612422,0.14991772
KO2612423,0.07843116
KO2612424,0.00815958
KO2612425,0.06132787
KO2612426,0.03512092
KO2612427,0.06198269
KO2612428,0.11401652
KO2612429,0.25945368
KO2612430,0.00946397
KO2612431,0.08828859
KO2612432,0.14227480
KO2612433,0.02832017
KO2612434,0.06042582
KO2612435,0.04459697
KO2612436,0.04797074
KO2612437,0.02746759
KO2612438,0.04049020
KO2612439,0.16438423
KO2612440,0.02305452
KO2612441,0.09880712
KO2612442,0.08837337
KO2612443,0.02934890
KO2612444,0.01352809
KO2612445,0.17003193
KO2612446,0.05604120
KO2612447,0.01961916
KO2612448,0.02129866
KO2612449,0.03832564
KO2612450,0.12702013
KO2612451,0.03490914
KO2612452,0.11431798
KO2612453,0.02549764
KO2612454,0.16041871
KO2612455,0.01428587
KO2612456,0.07112630
KO2612457,0.15480193
KO2612458,0.62575854
KO2612459,0.14078780
KO2612460,0.03645096
KO2612461,0.02907509
KO2612462,0.08187828
KO2612463,0.22001776
KO2612464,0.02109669
KO2612465,0.18626773
KO2612466,0.23785088
KO2612467,0.02695449
KO2612468,0.24205573
KO2612469,0.13849628
KO2612470,0.09249315
KO2612471,0.01229158
KO2612472,0.04879649
KO2612473,0.01705770
KO2612474,0.03934885
KO2612475,0.00932812
KO2612476,0.02071035
KO2612477,0.06264359
KO2612478,0.17982972
KO2612479,0.18170590
KO2612480,0.13995717
KO2612481,0.08192083
KO2612482,0.02022415
KO2612483,0.10816002
KO2612484,0.03965415
KO2612485,0.09699927
KO2612486,0.09215033
KO2612487,0.03297261
KO2612488,0.04235056
KO2612489,0.09334345
KO2612490,0.06015443
KO2612491,0.13517908
KO2612492,0.02569102
KO2612493,0.10602557
KO2612494,0.00657033
KO2612495,0.05936657
KO2612496,0.00957063
KO2612497,0.00926469
KO2612498,0.02956290
KO2612499,0.04649221
KO2612500,0.02215479
KO2612501,0.02687479
KO2612502,0.07336911
KO2612503,0.03526519
KO2612504,0.03759247
KO2612505,0.12574076
KO2612506,0.01881394
KO2612507,0.00924262
KO2612508,0.00967212
KO2612509,0.00919973
KO2612510,0.18247643
KO2612511,0.05511533
KO2612512,0.08442429
KO2612513,0.10154378
KO2612514,0.03205493
KO2612515,0.01780179
KO2612516,0.09326536
KO2612517,0.03994121
KO2612518,0.03707649
KO2612519,0.01620516
KO2612520,0.07750866
KO2612521,0.01225278
KO2612522,0.02145303
KO2612523,0.38306759
KO2612524,0.02639835
KO2612525,0.06182057
KO2612526,0.12743053
KO2612527,0.00773857
KO2612528,0.31338669
KO2612529,0.00529706
KO2612530,0.04489121
KO2612531,0.27285834
KO2612532,0.31024395
KO2612533,0.01033091
KO2612534,0.19769354
KO2612535,0.08106729
KO2612536,0.02872843
KO2612537,0.07426664
KO2612538,0.18270067
KO2612539,0.10053092
KO2612540,0.01397214
KO2612541,0.04007044
KO2612542,0.02710517
KO2612543,0.14903316
KO2612544,0.02213349
KO2612545,0.06247371
KO2612546,0.01330330
KO2612547,0.36176276
KO2612548,0.24035394
KO2612549,0.13705118
KO2612550,0.25065157
KO2612551,0.06737844
KO2612552,0.11973946
KO2612553,0.04063306
KO2612554,0.11726946
KO2612555,0.03379304
KO2612556,0.02530140
KO2612557,0.21154654
KO2612558,0.04187680
KO2612559,0.04513878
KO2612560,0.03106634
KO2612561,0.07619075
KO2612562,0.04944981
KO2612563,0.05037211
KO2612564,0.03758705
KO2612565,0.01475288
KO2612566,0.01784879
KO2612567,0.04596400
KO2612568,0.05602465
KO2612569,0.05483743
KO2612570,0.01872058
KO2612571,0.13008380
KO2612572,0.03377047
KO2612573,0.06050573
KO2612574,0.11048418
KO2612575,0.06019668
KO2612576,0.01426957
KO2612577,0.09588689
KO2612578,0.04368591
KO2612579,0.02039156
KO2612580,0.04962631
KO2612581,0.01157147
KO2612582,0.05876105
KO2612583,0.02306454
KO2612584,0.08775172
KO2612585,0.13917500
KO2612586,0.11797677
KO2612587,0.12391601
KO2612588,0.02392353
KO2612589,0.01309391
KO2612590,0.22648397
KO2612591,0.03206181
KO2612592,0.09328182
KO2612593,0.08828865
KO2612594,0.03009101
KO2612595,0.07998187
KO2612596,0.11222312
KO2612597,0.03909109
KO2612598,0.14182556
KO2612599,0.14955991
